,ANN,LSTM,RLS_Combiner
Train_RMSE,0.061393365135215164,0.06338858996025466,0.0642563820264802
Train_MAE,0.04031482483296285,0.041727805810992995,0.04427849063937529
Train_SMAPE,9.78144919659015,10.228346300935078,10.097292087672413
Val_RMSE,0.062276943511877896,0.05952458529955187,0.056573625729405046
Val_MAE,0.04193238119659204,0.03744071005800573,0.03503064958916101
Val_SMAPE,12.63631980432836,11.2282565970106,10.840019700654608
Test_RMSE,0.06498604915248253,0.06267739061231638,0.06173048438943638
Test_MAE,0.04114840017526927,0.03493487189232589,0.03458957983175102
Test_SMAPE,11.234379465730642,9.59517888494213,9.619530984777235
