,ANN,LSTM,RLS_Combiner
Train_RMSE,0.11491615928666768,0.06540761708855511,0.06150467760400583
Train_MAE,0.07381799835126554,0.041080108608356675,0.031808761512818
Train_SMAPE,35.94390780717298,27.347435086552434,19.674396348500625
Val_RMSE,0.12485594206522563,0.05488013190227416,0.053559524682870036
Val_MAE,0.08927023813125398,0.04153418939842486,0.04072488552732212
Val_SMAPE,28.701517932893868,16.987240781012012,16.604999555259838
Test_RMSE,0.12984260595419417,0.05821491835325166,0.056011190477012335
Test_MAE,0.08693780400329855,0.0384167253155729,0.035834760551051587
Test_SMAPE,24.442153262926134,13.39342912311021,14.570284891389285
