,ANN,LSTM,RLS_Combiner
Train_RMSE,0.054408559685951555,0.050803806653857926,0.05498385908986829
Train_MAE,0.029324827827053625,0.02599459846872571,0.03294270354040059
Train_SMAPE,10.801222909893324,9.395907468476967,11.210391603142297
Val_RMSE,0.03154833751477121,0.032813269189565904,0.03187106099690247
Val_MAE,0.018796509397129672,0.018780046238742257,0.01849090719524617
Val_SMAPE,7.932565991108693,7.8970672846642485,7.500082693132015
Test_RMSE,0.09385943241601612,0.0967705106788154,0.09484872080950915
Test_MAE,0.04710261903361962,0.05048701876852107,0.052488761139234
Test_SMAPE,13.832993147220888,15.554579536516961,15.487904157547558
