,ANN,LSTM,RLS_Combiner
Train_RMSE,0.14121259113966797,0.12009845458911464,0.09168435045169517
Train_MAE,0.1169012418545509,0.09733072652981041,0.06497109894111823
Train_SMAPE,21.694760312816516,18.46692283673365,13.422544506430873
Val_RMSE,0.18709471880333414,0.1770268187095359,0.17936238418300562
Val_MAE,0.15097085735402221,0.14054063786087384,0.14518690084397046
Val_SMAPE,23.197252361994845,21.485041452537722,22.203782552151853
Test_RMSE,0.18015844713177165,0.18164635373866653,0.16529262785958937
Test_MAE,0.14410290363073722,0.1466312029789042,0.14207012105714117
Test_SMAPE,20.43165567885279,20.821536366965752,20.061788115193853
