,ANN,LSTM,RLS_Combiner
Train_RMSE,0.07220563140011299,0.05386463902068514,0.06160958298480033
Train_MAE,0.0459271706189775,0.03343245171479234,0.04051721773720806
Train_SMAPE,8.86582347387994,6.17360400040756,7.736950746916986
Val_RMSE,0.06551004316432658,0.053520862083648486,0.0561065295622863
Val_MAE,0.04138893290066426,0.03124689620385691,0.03482221066513109
Val_SMAPE,7.328626109254818,5.257205071550533,6.139470792432862
Test_RMSE,0.08797295308854473,0.08244197251075937,0.08039538951672888
Test_MAE,0.051827435705615314,0.041479674279591275,0.04663314793523554
Test_SMAPE,8.555668069820472,6.4221050656181315,7.471167972843205
