,ANN,LSTM,RLS_Combiner
Train_RMSE,0.0718726247796422,0.04977225502730004,0.06415069358540917
Train_MAE,0.0556260071319795,0.038413523182248804,0.049475231831421225
Train_SMAPE,22.146251187114693,15.486633728884607,19.81496920914762
Val_RMSE,0.05770645953478525,0.049271352623240346,0.049702768611145184
Val_MAE,0.046957905922489114,0.04222621029891066,0.04008838850542798
Val_SMAPE,13.873417479426472,12.422978475343138,11.785777917289925
Test_RMSE,0.053471896056692406,0.039835319989669465,0.04164283966484878
Test_MAE,0.039456109096163365,0.03207393176152531,0.03205036927935703
Test_SMAPE,12.36691375011924,10.262219247194027,9.95931399132386
