,ANN,LSTM,RLS_Combiner
Train_RMSE,0.09886047718355075,0.06555792824527891,0.054671592573520646
Train_MAE,0.06996532369698842,0.04551994267293156,0.030611571680136167
Train_SMAPE,27.104471520393698,20.950589132017768,14.867566856598813
Val_RMSE,0.11925075003890301,0.03697798197578966,0.04915656276251569
Val_MAE,0.08696486533847453,0.02659310935088886,0.03990125152550516
Val_SMAPE,23.28643716956561,10.903732611746966,16.483615166830738
Test_RMSE,0.12740139365021316,0.05059440558461291,0.0521160930151861
Test_MAE,0.08633231441316719,0.03154929739843139,0.03272598355896372
Test_SMAPE,22.236395096650057,11.525834648597984,11.534520216786412
