,ANN,LSTM,RLS_Combiner
Train_RMSE,0.06554522354359152,0.05088795791295618,0.06698451787197517
Train_MAE,0.045993184159019734,0.034007575813903984,0.04760514747504952
Train_SMAPE,9.273131430493537,6.860148898988119,9.350662980053691
Val_RMSE,0.04381645104626939,0.04852665610936495,0.04416543477964672
Val_MAE,0.030176987350288592,0.035636542315226616,0.030223336928348846
Val_SMAPE,5.51177492764094,6.4454747832916865,5.495827127192767
Test_RMSE,0.07695500239311069,0.07750496129783957,0.07788898343507343
Test_MAE,0.04173868717613244,0.04669810819813744,0.04206631743432872
Test_SMAPE,7.702601065398956,8.520594632964729,7.733684654189369
