,ANN,LSTM,RLS_Combiner
Train_RMSE,0.06409798900399352,0.06050165432359625,0.05902676285347406
Train_MAE,0.043179407552558835,0.040664447693311984,0.03921819746820777
Train_SMAPE,10.498217063570687,9.599082885145569,9.327005264512056
Val_RMSE,0.06343885452983894,0.06333125048179444,0.06462484675252823
Val_MAE,0.04412051814876233,0.04224994457123104,0.04418665421576021
Val_SMAPE,9.784239911149749,9.257563858381195,9.57564386984419
Test_RMSE,0.07967555949684715,0.07982492776592907,0.07959948425767954
Test_MAE,0.050216378251176585,0.05155964509385886,0.05204637189995756
Test_SMAPE,11.248096994497985,11.58833891104677,11.570723980516636
