,ANN,LSTM,RLS_Combiner
Train_RMSE,0.07340533022154216,0.07147691265448955,0.06958383192334684
Train_MAE,0.038793006552189896,0.038936671625049615,0.03899126332640498
Train_SMAPE,25.778932684672668,25.9198300049538,30.36457465485863
Val_RMSE,0.07284962698660283,0.03980525175100685,0.03858839426802764
Val_MAE,0.047918064655525665,0.02317380466586939,0.02508956183090286
Val_SMAPE,15.646063566041631,14.253178644241862,15.920272962340556
Test_RMSE,0.06593417388606594,0.07469271487156742,0.05063663617211843
Test_MAE,0.04553170366371603,0.03663269703666634,0.03144948991449446
Test_SMAPE,22.611289117548015,21.18693698772542,23.540327507811906
