,ANN,LSTM,RLS_Combiner
Train_RMSE,0.036928145669802154,0.035880180293933216,0.03624991971816856
Train_MAE,0.01391918595584898,0.012528931535927998,0.014323603402425538
Train_SMAPE,4.437557182190287,3.94201404914796,4.487893288584355
Val_RMSE,0.01350775579892571,0.014216303148958949,0.013189299479047135
Val_MAE,0.009303313985772136,0.009702499762327366,0.00912616830379786
Val_SMAPE,2.940302572569443,3.0713480851694333,2.895461162837253
Test_RMSE,0.016744522554405058,0.016351773691065767,0.016339562503981175
Test_MAE,0.01068810334570127,0.01040301703274028,0.010525617999287458
Test_SMAPE,3.393333217108459,3.2745127165241272,3.297513927619247
