{"mean_absolute_error":{"Naive":178.0695129505,"No_Exog":152.5338110419,"Exog":143.2832726754,"Exog_Probablistic":143.2832726754},"root_mean_squared_error":{"Naive":311.4111132121,"No_Exog":268.673059462,"Exog":231.628620275,"Exog_Probablistic":231.628620275},"mean_absolute_percentage_error":{"Naive":0.5736911194,"No_Exog":0.4598781676,"Exog":0.4654586664,"Exog_Probablistic":0.4654586664}}