{"mean_absolute_error":{"Naive":233.9650564236,"No_Exog":220.2577420323,"Exog":231.4265410231,"Exog_Probablistic":231.4265410231},"root_mean_squared_error":{"Naive":460.1887259042,"No_Exog":453.3064064659,"Exog":473.0816373627,"Exog_Probablistic":473.0816373627},"mean_absolute_percentage_error":{"Naive":6.8458575041,"No_Exog":4.4621617987,"Exog":4.6254923522,"Exog_Probablistic":4.6254923522}}