,Mean,Std,Min,Max
NetLoadDemand,699.7726728341939,433.17756692476996,252.0,1572.0
temperature_2m_historic,27.799776077270508,2.034822463989258,23.253000259399414,33.202999114990234
temperature_2m_forecast,27.8745059967041,1.6319820880889893,24.72949981689453,32.429500579833984
shortwave_radiation_historic,251.25074768066406,321.541015625,0.0,1022.0
shortwave_radiation_forecast,252.8541717529297,321.282958984375,0.0,987.0
