,Mean,Std,Min,Max
NetLoadDemand,1472.8224594407293,616.836210729827,-300.8333333333333,4457.363636363636
temperature_2m_historic,26.033294677734375,2.0114541053771973,21.424999237060547,31.524999618530273
temperature_2m_forecast,26.134227752685547,1.8057098388671875,22.305500030517578,31.455501556396484
shortwave_radiation_historic,249.8017120361328,319.6618957519531,0.0,1026.0
shortwave_radiation_forecast,249.02334594726562,317.2190856933594,0.0,986.0
