,Mean,Std,Min,Max
NetLoadDemand,389.1312119908204,317.750942435304,108.0,1032.0
temperature_2m_historic,27.7802734375,2.034834623336792,23.23349952697754,33.18349838256836
temperature_2m_forecast,27.855005264282227,1.6319774389266968,24.71000099182129,32.40999984741211
shortwave_radiation_historic,251.25074768066406,321.541015625,0.0,1022.0
shortwave_radiation_forecast,252.8541717529297,321.282958984375,0.0,987.0
