,Mean,Std,Min,Max
NetLoadDemand,559.3992247544959,232.19619365565762,-818.7272727272727,3488.0
temperature_2m_historic,27.03999137878418,2.0135786533355713,22.432498931884766,32.532501220703125
temperature_2m_forecast,27.310476303100586,1.634110450744629,24.157501220703125,31.857501983642578
shortwave_radiation_historic,249.86973571777344,319.776611328125,0.0,1020.0
shortwave_radiation_forecast,252.96913146972656,321.373291015625,0.0,987.0
