,SMAPE,MAE,RMSE
ANN_RLS,13.365585652948935,0.04381365570582856,0.06480851219265613
LSTM_RLS,12.470717787242126,0.037504080242470574,0.063673416656532
Final_RLS,13.720544136539125,0.04286715784832804,0.06859946993891454
