,SMAPE,MAE,RMSE
ANN_RLS,11.282947149495982,0.04183226630485466,0.06687156288999402
LSTM_RLS,10.387049721406258,0.03668089909016981,0.06690665833001976
Final_RLS,10.50715321158914,0.038286488864593446,0.06370870030171596
