,SMAPE,MAE,RMSE
ANN_RLS,14.801398350629222,0.03252502858411528,0.043973988262587006
LSTM_RLS,13.789161510900916,0.0295823125350483,0.04361583718092593
Final_RLS,13.811005689880524,0.03309263687398335,0.04553591067680043
