,SMAPE,MAE,RMSE
ANN_RLS,14.459109672962375,0.03161402205903377,0.04404300901804916
LSTM_RLS,9.046088307945602,0.023905779369694406,0.0363078186898443
Final_RLS,9.241494374005283,0.027196069093287017,0.04004581892855664
