,SMAPE,MAE,RMSE
ANN_RLS,16.063336817646167,0.05414082529811277,0.08785427272001686
LSTM_RLS,14.708686321055522,0.04861793519054315,0.08540142265637575
Final_RLS,14.693514055786178,0.049524946997012306,0.085769491313262
