,SMAPE,MAE,RMSE
ANN_RLS,9.99029978224767,0.026555703601223106,0.03758711015328513
LSTM_RLS,9.443796679315085,0.022812428558825922,0.03720550051009159
Final_RLS,9.137339722441993,0.022431538746085604,0.035463902843258885
