,SMAPE,MAE,RMSE
ANN_RLS,11.747253082030468,0.0742896321289361,0.10042571346041279
LSTM_RLS,13.309012932717174,0.08478366512441919,0.11198593825936787
Final_RLS,12.269325696686305,0.07668478208947242,0.10290630599055185
