,SMAPE,MAE,RMSE
ANN_RLS,9.146002981479997,0.06870946544441736,0.09312524775909059
LSTM_RLS,10.351397253525588,0.07825391858869082,0.10788308897655009
Final_RLS,8.486814136684538,0.06396386492171609,0.08763281591001497
