,SMAPE,MAE,RMSE
ANN_RLS,7.895214645148051,0.05144378273033271,0.08491861739199742
LSTM_RLS,7.050329928553365,0.046389156290187875,0.08422844757980785
Final_RLS,7.478526082618693,0.04904557994760556,0.08501860451896333
