,SMAPE,MAE,RMSE
ANN_RLS,5.2095944720930785,0.03062049050489706,0.04856683987979987
LSTM_RLS,4.599461374075249,0.02627213527322983,0.04635561163580714
Final_RLS,5.212574268176695,0.029786852496335,0.04669856592408447
