,SMAPE,MAE,RMSE
ANN_RLS,11.86177814436627,0.03725185193826002,0.048210335753093005
LSTM_RLS,11.10760941361101,0.03526767868519775,0.04662431285917195
Final_RLS,10.998750466347929,0.03501473269224394,0.04641692430953327
