,SMAPE,MAE,RMSE
ANN_RLS,8.992746658762147,0.03239905607650365,0.043544680106829076
LSTM_RLS,8.456517952296903,0.03008400892937558,0.03947075209975587
Final_RLS,8.066326906567484,0.02936418967865836,0.04042428504847909
