,SMAPE,MAE,RMSE
ANN_RLS,11.108589116500447,0.028592562091167527,0.03857527365141253
LSTM_RLS,10.597945908042972,0.024759280131444954,0.0363407507129325
Final_RLS,9.172359274259582,0.023381441011100138,0.032046128310808705
