,SMAPE,MAE,RMSE
ANN_RLS,11.485118769044455,0.027369503932019503,0.036509661609824225
LSTM_RLS,9.568379483461522,0.025314964779533898,0.03259118713202354
Final_RLS,9.229292092807201,0.02330019937240347,0.03046846805350201
