,SMAPE,MAE,RMSE
ANN_RLS,16.79930280965843,0.03914344305113163,0.05171585111085972
LSTM_RLS,15.6083375653516,0.03745134143893651,0.04757544589044036
Final_RLS,15.328606103628406,0.0352936396830641,0.04636159349847998
