,SMAPE,MAE,RMSE
ANN_RLS,13.473007704739118,0.032934930655458335,0.04302625596603011
LSTM_RLS,13.731780443801297,0.03444129599988492,0.045753336936640736
Final_RLS,13.176140065095431,0.03272752062309777,0.04394828083259887
