,SMAPE,MAE,RMSE
ANN_RLS,7.78406732259734,0.04330267222167538,0.06846719575984948
LSTM_RLS,6.883921117270256,0.038366462424870594,0.06276554344810678
Final_RLS,7.2644307383222,0.0416988491299694,0.06793438629010604
