,SMAPE,MAE,RMSE
ANN_RLS,7.309080763179598,0.04020426462827835,0.05909443662266944
LSTM_RLS,7.035645148876621,0.03822739807401661,0.05761832280043715
Final_RLS,7.198846664944061,0.0401178134443495,0.0599081228357332
