,SMAPE,MAE,RMSE
ANN_RLS,12.328618525194585,0.0558124609128518,0.07696677215582946
LSTM_RLS,11.919060735174632,0.0519902370556645,0.07731036445128295
Final_RLS,12.303335351044634,0.05500425915787853,0.08104560521423017
