,SMAPE,MAE,RMSE
ANN_RLS,11.981772036348834,0.05435285077909116,0.07574570032758919
LSTM_RLS,11.9518735597711,0.05344835625916613,0.07846600880060808
Final_RLS,12.142940902963634,0.055373527391474595,0.0788145663539517
