,SMAPE,MAE,RMSE
ANN_RLS,25.043966205099196,0.030016508696626542,0.043988500738924706
LSTM_RLS,14.761380488598014,0.02426229486712781,0.0462835797572343
Final_RLS,14.90419894662999,0.025306197845861425,0.04315849414500369
