,SMAPE,MAE,RMSE
ANN_RLS,21.420460001450024,0.02585809401719926,0.03536872556713678
LSTM_RLS,13.674365217175025,0.020506348853001215,0.03020598348838378
Final_RLS,13.649956052915076,0.021278424440682047,0.031780442061970615
