,SMAPE,MAE,RMSE
ANN_RLS,6.968679447258381,0.022406180980391346,0.029053972739518534
LSTM_RLS,4.3152280724555485,0.01380724832767176,0.02053024155801303
Final_RLS,4.237671780250342,0.01371338324161935,0.019501333196051143
