,SMAPE,MAE,RMSE
ANN_RLS,5.7279671554570974,0.01854254483139783,0.0238334348273892
LSTM_RLS,3.858236728047279,0.01196067622180229,0.017758285851770098
Final_RLS,3.627309838138032,0.01146761902026982,0.016374655322716418
